3.2538604737286647e-06,3.39902e-07
3.2538604737286647e-06,3.39902e-07
1.2949331538604736,-0.645687
1.3033980538604737,-0.373333
1.3080064538604737,0.253213
-0.12992674613952637,-0.0819248
1.2884446538604737,-0.67626
1.3197983538604736,-0.565243
1.3197983538604736,-0.565243
1.3197983538604736,-0.565243
1.3197983538604736,-0.565243
1.3197983538604736,-0.565243
1.3197983538604736,-0.565243
1.3197983538604736,-0.565243
1.3197983538604736,-0.565243
1.3197983538604736,-0.565243
1.3197983538604736,-0.565243
1.3197983538604736,-0.565243
1.3197983538604736,-0.565243
1.3197983538604736,-0.565243
1.3197983538604736,-0.565243
1.3197983538604736,-0.565243
1.3197983538604736,-0.565243
1.3197983538604736,-0.565243
1.3197983538604736,-0.565243
1.3197983538604736,-0.565243
1.3197983538604736,-0.565243
1.3197983538604736,-0.565243
1.3197983538604736,-0.565243
1.3197983538604736,-0.565243
1.3197983538604736,-0.565243
1.3197983538604736,-0.565243
1.3197983538604736,-0.565243
1.3197983538604736,-0.565243
1.3197983538604736,-0.565243
1.3197983538604736,-0.565243
1.3197983538604736,-0.565243
1.3197983538604736,-0.565243
1.3197983538604736,-0.565243
1.3197983538604736,-0.565243
1.3197983538604736,-0.565243
1.3197983538604736,-0.565243
1.3197983538604736,-0.565243
1.3197983538604736,-0.565243
1.3197983538604736,-0.565243
1.3197983538604736,-0.565243
1.3197983538604736,-0.565243
1.3197983538604736,-0.565243
1.3197983538604736,-0.565243
1.3197983538604736,-0.565243
1.3197983538604736,-0.565243
1.3197983538604736,-0.565243
1.3197983538604736,-0.565243
1.3197983538604736,-0.565243
1.3197983538604736,-0.565243
1.3197983538604736,-0.565243
1.3197983538604736,-0.565243
1.3197983538604736,-0.565243
1.3197983538604736,-0.565243
1.3197983538604736,-0.565243
1.3197983538604736,-0.565243
1.3197983538604736,-0.565243
1.3197983538604736,-0.565243
1.3197983538604736,-0.565243
1.3197983538604736,-0.565243
1.3197983538604736,-0.565243
1.3197983538604736,-0.565243
1.3197983538604736,-0.565243
1.3197983538604736,-0.565243
1.3197983538604736,-0.565243
1.3197983538604736,-0.565243
1.3197983538604736,-0.565243
1.3197983538604736,-0.565243
1.3197983538604736,-0.565243
1.3197983538604736,-0.565243
1.3197983538604736,-0.565243
1.3197983538604736,-0.565243
1.3197983538604736,-0.565243
1.3197983538604736,-0.565243
1.3197983538604736,-0.565243
1.3197983538604736,-0.565243
1.3197983538604736,-0.565243
1.3197983538604736,-0.565243
1.3197983538604736,-0.565243
1.3197983538604736,-0.565243
1.3197983538604736,-0.565243
1.3197983538604736,-0.565243
1.3197983538604736,-0.565243
1.3197983538604736,-0.565243
1.3197983538604736,-0.565243
1.3197983538604736,-0.565243
1.3197983538604736,-0.565243
1.3197983538604736,-0.565243
1.3197983538604736,-0.565243
1.3197983538604736,-0.565243
1.3197983538604736,-0.565243
1.3197983538604736,-0.565243
1.3197983538604736,-0.565243
1.3197983538604736,-0.565243
1.3197983538604736,-0.565243
1.3197983538604736,-0.565243
1.3197983538604736,-0.565243
1.3197983538604736,-0.565243
1.3197983538604736,-0.565243
1.3197983538604736,-0.565243
1.3197983538604736,-0.565243
1.3197983538604736,-0.565243
1.3197983538604736,-0.565243
1.3197983538604736,-0.565243
1.3197983538604736,-0.565243
1.3197983538604736,-0.565243
1.3197983538604736,-0.565243
1.3197983538604736,-0.565243
1.3197983538604736,-0.565243
1.3197983538604736,-0.565243
1.3197983538604736,-0.565243
1.3197983538604736,-0.565243
1.3197983538604736,-0.565243
1.3197983538604736,-0.565243
1.3197983538604736,-0.565243
1.3197983538604736,-0.565243
1.3197983538604736,-0.565243
1.3197983538604736,-0.565243
1.3197983538604736,-0.565243
1.3197983538604736,-0.565243
1.3197983538604736,-0.565243
1.3197983538604736,-0.565243
1.3197983538604736,-0.565243
1.3197983538604736,-0.565243
1.3197983538604736,-0.565243
1.3197983538604736,-0.565243
1.3197983538604736,-0.565243
1.3197983538604736,-0.565243
1.3197983538604736,-0.565243
1.3197983538604736,-0.565243
1.3197983538604736,-0.565243
1.3197983538604736,-0.565243
1.3197983538604736,-0.565243
1.3197983538604736,-0.565243
1.3197983538604736,-0.565243
1.3197983538604736,-0.565243
1.3197983538604736,-0.565243
1.3197983538604736,-0.565243
1.3197983538604736,-0.565243
1.3197983538604736,-0.565243
1.3197983538604736,-0.565243
1.3197983538604736,-0.565243
1.3197983538604736,-0.565243
1.3197983538604736,-0.565243
1.3197983538604736,-0.565243
1.3197983538604736,-0.565243
1.3197983538604736,-0.565243
1.3197951120468139,-0.5653219956936589
1.3197848594894408,-0.5657973962333276
1.3197733877227784,-0.5664293557567521
1.3197634346069336,-0.5673006727139949
1.3197437560501102,-0.5684092339493633
1.3197053684249878,-0.5702591700528264
1.319648006755066,-0.5725376418064235
1.2741098359283447,-0.5745262058169245
1.2740206295639038,-0.5767314334629774
1.2739058197601318,-0.5791649395393134
1.2737008244766235,-0.5827797994129656
1.2735032133789062,-0.5857712242577074
1.2488923092514037,-0.5889916053255796
1.2484837807800293,-0.5935840691006182
1.2481017178878784,-0.5972445369114875
1.2476493904449464,-0.6011099144947528
1.1930083738021853,-0.6065839996979235
1.1923858759140016,-0.6109286802802085
1.19139905806427,-0.6169082922883032
1.190539302619934,-0.6216192338461874
1.1895624989089966,-0.6264619893255232
1.1230633122131348,-0.6313791683402061
1.121456114993286,-0.6381701174712181
1.120096791188049,-0.6434284663681983
1.1185945817703247,-0.6488375238013266
1.1163569758743286,-0.6563270651831625
1.114488571333313,-0.6621669169239996
1.112444260206604,-0.6682015132613182
1.0686589981262207,-0.6744325992531777
1.0654140764373778,-0.6828852142562866
1.0247262045776369,-0.6891055223932266
1.0218428273872375,-0.6952728105506896
1.0165583557189941,-0.705694509068489
1.0142587156951903,-0.7099900679788589
0.9632069151893616,-0.7187870678663253
0.9592075318244934,-0.7254480338535307
0.9535847943389892,-0.7342191062011718
0.9115374146957398,-0.7386504315338134
0.9039103099098206,-0.7499466095046997
0.9023152004394531,-0.7522210055723191
0.8142759860267639,-0.7637355145425795
0.7690954058837891,-0.7707239049882888
0.7637372887687683,-0.7777062420616149
0.7562054963493348,-0.7871591783494949
0.7502578550453186,-0.7943330793266297
0.7419506908531189,-0.803590341137886
0.7354051013374329,-0.8105218246898651
0.7285209305801392,-0.8174920465097427
0.7189433576698303,-0.8267293038902281
0.6707045447788239,-0.8300531572580336
0.663176983083725,-0.8367328117370605
0.6555721734676361,-0.8425882203207015
0.6790126187572479,-0.8065313296909332
0.6720096433563232,-0.8111764495992659
0.664928691198349,-0.8157963994073867
0.6553580023422241,-0.8219250251922607
0.6481128842067719,-0.8263780472106934
0.6407991174411773,-0.8307704492664337
0.6309224684410095,-0.8365904722595213
0.6259263219661713,-0.8394979902801514
0.6132220548934937,-0.846766903175354
0.6080441098022461,-0.8497852436132431
0.5974520680561066,-0.8565981187496186
0.5891622403068542,-0.8619570629673005
0.5806794218482971,-0.8674511458864212
0.5690937142429352,-0.8749390761203765
0.5570974285697937,-0.8825794380970001
0.5477784468841553,-0.8884101313676834
0.5381562026519775,-0.8943356431379318
0.5282299938964844,-0.9001359621419907
0.5179783480443954,-0.9058744639225006
0.6016958156814576,-0.8211699814634323
0.5966416057739258,-0.8234640507373808
0.5863330028553009,-0.8277334915466308
0.5809877773532867,-0.8286348103246688
0.5702631611042023,-0.8326578221292494
0.5619252907543182,-0.8356658604211807
0.553303459728241,-0.838683361322403
0.5597906095342636,-0.830185777789116
0.5479148328342438,-0.8371046000223159
0.5384176211805344,-0.8429313118944168
0.5659072636270523,-0.8203100064525605
0.5089497261571884,-0.8528201996593475
0.5219324059877396,-0.8413907643165588
0.5178325431466103,-0.8424222860822677
0.5037974640946388,-0.849517060432434
0.4973580683822632,-0.8521200352478028
0.4766479356470108,-0.8627063924694062
-0.38369892547988893,-1.2511581977081296
-0.37673555992507934,-1.2497632201232909
-0.36973520734786985,-1.2482245118942261
-0.3603258227043152,-1.2461896168746949
-0.4782491838760376,-0.9471182442359924
-0.46922330881500246,-0.9481350005073548
-0.46291013201904296,-0.9468100509414672
-0.4569921903076172,-0.944265650691986
-0.5252481672363281,-0.9492985633926391
-0.5180599827842712,-0.9448189357452391
-0.5154228610992432,-0.9429069158287049
-0.6091297308921814,-0.9453810437812805
-0.373236928021431,-1.0098206393470766
-0.3732442609567642,-1.0065569755249024
-0.3733006234636307,-1.0034162051506041
-0.5028152809867859,-1.0059698932189942
-0.5036598547067642,-1.0034537327537536
-0.505106577085495,-0.9990832944869995
-0.5059016223144531,-0.9965823135604859
-0.5064807671260834,-0.9947353671302795
-0.6616717405166626,-0.9948973702964782
-0.662717944817543,-0.9933392168273925
-0.6637545271167755,-0.991762203842163
-0.6651537229347229,-0.9898686309089659
-0.6665562374477385,-0.9879996706161499
-0.6408212081284523,-0.9865816153640747
-0.6248444766559601,-0.9849385278282166
-0.6210740259335041,-0.9826104800262452
-0.7911224780139923,-0.9801822927474975
-0.7932192392026782,-0.9786932338790894
-0.7959831684494019,-0.9768605622482298
-0.798715051370442,-0.9750346147727966
-0.8007578679880499,-0.9736216752548217
-0.8028019844915271,-0.9721798215980528
-0.8048473878423572,-0.9707125837554931
-0.8075760579714178,-0.9687222048645019
-0.8096004848457575,-0.9672105769500732
-0.8106053689594269,-0.9657060502853394
-1.0117420939026773,-0.9601035124893189
-1.010881851645559,-0.9592739900054931
-1.014719827568233,-0.9572402343406677
-1.0162066518343984,-0.9564420727996826
-1.0173621783590316,-0.9548761764526368
-1.0194961058986187,-0.9537305713005064
-1.0222566765621304,-0.9522330852355957
-1.024299223881662,-0.9510960059585571
0.006847395324707017,-0.431052873372078
0.0045345191955565856,-0.4301770223733187
0.006868535728454583,-0.42974881859123715
0.006904364662170481,-0.4289122472393513
0.008117742958068774,-0.42830111978709695
0.008069333190918071,-0.4275112689294816
0.008390854034423745,-0.4269376545542479
0.008731274833679192,-0.4263786292589903
0.006798797073364504,-0.4256570438139439
1.279148186515808,-0.5872746160875559
1.2789142291366575,-0.5837779689251185
1.278729187057495,-0.5817077123317719
1.2787156910552981,-0.5804637600486279
1.2788668372650147,-0.5781917614011765
1.27917309508667,-0.5761411285054684
1.2794587404006958,-0.5753869029426575
1.27996609355011,-0.577246701803446
1.2819213171844481,-0.5841340774002076
1.2823085988601686,-0.5856438292266131
1.2851213403610227,-0.6072857199924142
1.2827140146972655,-0.6102254202345162
1.2814742546798705,-0.6133964444866776
1.2805352388595581,-0.6179212942650915
1.2802405972061155,-0.6214199461715222
1.280182372367859,-0.6238447819776535
1.280333562332153,-0.6302721585681439
1.2804672170959472,-0.6341701097307205
1.2806142069274902,-0.638209143228054
1.2807380306213378,-0.6424184123997688
1.2808273741271972,-0.6482952888009548
1.2808048715560914,-0.6521465128395557
1.2806311704833984,-0.6563826070127488
1.2804214760238648,-0.659623933769226
-0.13219088783264166,-0.5495137235107421
-0.14793284145355234,-0.5627679849519729
-0.15351563453674322,-0.5686036491646765
-0.1798658456802369,-0.5811966419935226
-0.1860500134277343,-0.5870962842712402
-0.19256325313568112,-0.593160157055378
-0.20209474689483642,-0.6013030655093192
-0.20720683826446518,-0.6055002320265769
-0.22069729679107697,-0.6163993304390907
-0.22638379436492917,-0.6209148274493217
-0.23824124702453586,-0.6300131911134719
-0.5184853605270385,-0.6242021087551116
-0.5323553044891356,-0.6330678549442291
-0.5431623165512085,-0.6397907424116134
-0.5543447367858889,-0.6466556342134475
-0.5659849659729004,-0.653394070728302
-0.5781752856826783,-0.6592618044452667
-0.5951740450286862,-0.6669228607368469
-0.6129796626663209,-0.6747406568031311
-0.6268839916992188,-0.6807613557806015
-0.6765607463645936,-0.6869811629838942
-0.6960140333557129,-0.6949510797405242
-0.7110756733703613,-0.7000796715240478
-0.7266010390472413,-0.7051278458185195
-0.7426066680336,-0.7099639414329527
-0.7639206038665771,-0.7152132654953002
-0.780101460723877,-0.719913527407646
-0.8018945658874512,-0.7264844302177429
-1.0823347557830811,-0.7128810346517562
-1.1264865546607972,-0.725710434510231
-1.1464646794891356,-0.7314160383672714
-1.1741715276145936,-0.7390684330825805
-1.1954097384262083,-0.7436556129741667
-1.222337279148102,-0.7467946957187652
-1.2427717741203308,-0.7515288934354782
-1.263726263809204,-0.7564827078256607
-1.5513808228111268,-0.7390934623870848
-1.5747810896110535,-0.7445817144060134
-1.5989259112548826,-0.750238733244896
-1.6238787991333008,-0.7560681463747023
-1.6582620120811464,-0.7634204572610855
-1.6849330725669862,-0.7687847630176544
-1.7124580948638917,-0.7742470524368286
-1.7410202900695801,-0.7798914295959471
-2.0227867759132385,-0.7585204629707336
-2.1173442479133606,-0.7645926989536286
-2.137514111099243,-0.7687079001455307
-2.1626816879081727,-0.7785355824394226
-2.178591908798218,-0.7819476695194244
-2.2211785032463074,-0.7894787545928955
-2.21002142036438,-0.7937961515130996
-2.2371461846351623,-0.7980482052192687
-2.2646086756324766,-0.802309024353981
-2.52208916595459,-0.7751317213621138
-2.5496909515190125,-0.77932636323452
-2.5775704721069337,-0.7835140750474928
-2.615172489948273,-0.7888511186037064
-2.6438144384765625,-0.7927956750764845
-2.672887370853424,-0.7967651536836624
-2.712474386405945,-0.8022333706102371
-2.93325745306015,-0.7718408639841079
-2.97408362279892,-0.7777997351064682
-3.0054767724227904,-0.7823301449146269
-3.048428013801575,-0.7885073354759216
-3.0814669850349428,-0.7932129556636809
-3.1150572683143616,-0.7977307097053528
-3.3126301726722716,-0.7664271345748901
-3.353642515487671,-0.770671212152481
-3.399297824230194,-0.7763040994262695
-3.4325112953948973,-0.780517328426361
-3.4800896937179564,-0.7862221668739318
-3.6460187148094176,-0.7540379385929107
-3.702731997814179,-0.7613243004665374
-3.7230065082740786,-0.7643124364433288
-3.772212195625305,-0.7702233348484038
-3.8929798432350156,-0.7410776162528991
-3.9297971264839173,-0.7456534247379302
-3.975936467132568,-0.7518569258708953
-4.733598246684075,-1.1378469086456298
-4.7530733455610275,-1.1380443037757875
-4.878538147735596,-1.1060762457733153
-4.880274897696972,-1.1055502036590577
-4.892137256247997,-1.1049729561157227
-4.909538779115677,-1.103954049343109
-4.57955768296957,-1.0728950413589478
-4.576649024136066,-1.0717430564193724
-4.59553697505951,-1.0701373760299682
-4.290922494823933,-1.0416786581764221
-4.30265992061615,-1.0403888019485472
-4.301911692465544,-1.0390707613220214
-4.030140477751494,-1.0123693778915406
-4.03007620382905,-1.0110072868614195
-2.644322635383606,-0.38010660075320307
-2.397914112701416,-0.3535576837971807
-2.3991907650756836,-0.34980532533860215
-2.180846028442383,-0.3234701854513884
-2.1872446854782104,-0.3207167046535016
-2.195558646583557,-0.31707761117637157
-1.990841527252197,-0.2954184170591832
-1.9960484338760378,-0.29273220702457425
-1.9994521550369264,-0.2909528035702706
-1.8169554567337034,-0.2692283541288376
-1.8227092684555055,-0.26810772130966193
-1.827258808250427,-0.27214315002727507
-1.833823747177124,-0.27856484617161764
-1.8372636536407472,-0.2819871373033524
-1.8444867123794557,-0.2891412453426123
-1.838836568565369,-0.296719107192278
-1.8428875373458862,-0.3007574187219739
-1.8514271073150639,-0.30912324818643927
-1.8605472250366213,-0.3176969976722449
-1.8677808330154417,-0.3243302760876417
-1.8753638479614256,-0.3311680054696202
-1.914869437828064,-0.3382062228230237
-1.9259730442810061,-0.34738099216294277
-1.9518468350219729,-0.35412433887386324
-1.960950753822327,-0.36087444121599194
-1.973702576637268,-0.36975959079504006
-1.9837107960128786,-0.37645657193374626
-1.994090966491699,-0.3832698683500289
-1.8212843571090698,-0.3752112822580337
-1.83149457736969,-0.3820980406808853
-1.8456867773818968,-0.3914684023451805
-1.8966980463790892,-0.3983735845470428
-1.9079966022109984,-0.40435243059396736
-1.9406773583221435,-0.4120775756521224
-1.9529298223876952,-0.4179715415558815
-1.791053784866333,-0.4078311201705932
-1.8235625036239624,-0.4140776827621459
-1.8398839445495605,-0.42227010882663724
-1.852621300697327,-0.4282526676607131
-1.7349811233520507,-0.4191629224700927
-1.7517939841842654,-0.42734942171955104
-1.7649359592819214,-0.4336479071636199
4.085081934928894,-0.147948145866394
4.081382393836975,-0.1528351008892059
4.07595682144165,-0.1592698842287063
4.071589708328247,-0.1637067943811416
4.015482664108276,-0.1695480495691299
4.0105544328689575,-0.1737838834524154
3.7564444541931152,-0.196153774857521
3.7496511936187744,-0.1996248364448547
3.742747962474823,-0.203113168478012
3.733340561389923,-0.207657903432846
3.7261189222335815,-0.2109942287206649
3.6726988554000854,-0.2144033014774322
3.6624683141708374,-0.2191165536642074
3.6544803977012634,-0.2227947413921356
3.646181344985962,-0.2265999019145965
3.6345696449279785,-0.231845885515213
3.6253755688667297,-0.2358511835336685
3.6124515533447266,-0.2411510944366455
3.602389097213745,-0.2440605163574218
3.592177629470825,-0.2466634064912796
3.5793861746788025,-0.2493025213479995
3.5648298859596252,-0.2515396773815155
3.5536314845085144,-0.2525950372219085
3.526750683784485,-0.2536969184875488
3.5186970233917236,-0.2542229890823364
3.502516210079193,-0.2554467916488647
3.4865384101867676,-0.2568849623203277
3.475990742444992,-0.258080780506134
3.4639542996883392,-0.2592940926551818
3.4516795873641968,-0.2606010138988494
3.4326223134994507,-0.2619500756263732
3.4185586869716644,-0.2631235718727111
3.3998242616653442,-0.2653840482234954
3.401753067970276,-0.2673471868038177
3.387354463338852,-0.2695958018302917
3.3723446130752563,-0.2721866965293884
3.3539927303791046,-0.2760187983512878
3.3377818167209625,-0.2791236639022827
3.3209576308727264,-0.2824999690055847
0.5522758792057036,0.44668445752906805
0.5261299133644104,0.4411707699127198
-0.2351548723392487,0.0807870630683899
-0.2332108763904572,0.08245380545425418
-0.23134085040855407,0.0840596827392579
-0.2289554627590179,0.0861021095275879
-0.22724758268547057,0.08755976649475095
-0.2256049968585968,0.08893458311080948
-0.22402392687225342,0.09021908842468274
-0.22198616331481927,0.09176156983566297
-0.2204797853412628,0.09281190041351317
-0.21851032282066352,0.09412542965698256
-0.1456523498123169,0.09594625391769407
-0.144354259409523,0.09705756057357784
-0.1434115956251144,0.09782813981628413
-0.112244790536499,0.09854327677536023
-0.11060212443256381,0.09998703364181516
-0.0833265836924553,0.10129313971710208
-0.08287393794488909,0.10202684084320068
-0.08217093927755359,0.10313008518981948
-0.08190562300796511,0.10352403855133052
-0.08140053273000719,0.10422808832931518
-0.0811599093554497,0.10454930425643927
-0.08070002904539109,0.10511478561019894
-0.0803743977463722,0.10546577919387823
-0.0798653561786652,0.10593758159637467
-0.0795776996246338,0.10618706726455684
-0.07930273085088729,0.10640693531036371
-0.058930574939250906,0.10653030358314525
-0.0586820795409203,0.10671942922592165
-0.0585059481304169,0.10682112118911752
-0.038383718102169,0.10689945048522953
-0.0382844843736935,0.1069205571289063
-0.038159948762941404,0.10690547041702281
0.021459055187988303,0.10512959034347541
0.0214403498494625,0.10507452843093873
1.2654513320266723,0.530786465166092
1.26601332522583,0.530180356784463
1.2699397097076417,0.5298745978196859
1.2705367617401122,0.529260098631978
1.2710037971343995,0.5287966748923063
1.2716527509750366,0.5281694577333927
1.2721526186447143,0.527697238153696
1.2726639072433472,0.5272156722983121
1.2733621555435182,0.5265730908848048
1.2740754394699096,0.5259221489548683
1.274619756390381,0.5254284193565846
1.270014945211792,0.5239859330749511
1.2703736137329102,0.5224229213404655
1.254952266493225,0.5189236481485366
1.2555696948486328,0.5150826181935071
1.2558527349594115,0.5130376333628892
1.2563753964416504,0.5087079910750388
1.256726295429993,0.5052486369526386
1.2570533604675294,0.5016050388893485
1.2400419779144287,0.49647257612412415
1.2402762438919068,0.4924815145379603
1.2405064008010864,0.487016635891676
1.2228390880447388,0.4827781528136731
1.2228598456726074,0.4783974431372881
1.2228042940994266,0.47386388323545464
1.222602704914856,0.46760037929868703
1.2025053883346557,0.4627309679498673
1.20216493674469,0.45770661504507065
1.201550120161438,0.4507840540745259
0.9108260025405883,0.3270321384563447
0.9056360159072876,0.31913987791347515
0.8765069291305542,0.2807382386350632
0.8691539702148438,0.27208928032779695
0.8613873485755921,0.26337758544540407
0.7430324399147034,0.24257874562454235
0.6972613295955659,0.23337845693969733
0.6739352122879028,0.21320918762207042
0.6634846134033203,0.20574820761299134
0.6543446217784882,0.1967048881797791
0.6434671191101075,0.1892486881160737
0.6414491243171692,0.18199905504035951
0.6271258993835449,0.1727328771629334
0.6354488850517273,0.17283699910354622
0.6249309243907928,0.1658251466922761
0.6110416935520172,0.15645609539222716
0.6006917108535768,0.14923182870483398
0.586839248085022,0.1391547147674561
0.5763747075996399,0.1313349622983933
0.5658890301761628,0.12332254778575899
0.5518574468517303,0.11217926375484469
0.5448237602157593,0.10640658895874028
0.5814486666908264,0.11765136495685583
0.5718435747089385,0.10937629138851174
0.5587756193752289,0.09780822570705422
0.5486697350540162,0.08856315847301488
0.5384474788513185,0.078989327451706
0.5250704778137207,0.06595005155658731
0.575664373342514,0.0840345532484055
0.5673331033935547,0.07481624326038369
0.5589173763046265,0.0655589791040421
0.5304902835741043,0.045088983683586215
0.5211110112266542,0.03515749954891209
0.507398572303772,0.021242695442199783
0.5684494529418944,0.04429972834968571
0.5588964819068909,0.034538284262657204
0.5449430972795486,0.021012151695251502
0.6669921979980469,0.05391859418392189
0.6557431423835753,0.042439876476287886
0.6501664334220887,0.03680516256523142
0.6376120416717529,0.025193342857360884
0.6272857602767944,0.016189089080333813
0.6124932582159042,0.0037969870328904004
0.6008908006353378,-0.005734910180568598
0.5847969550457001,-0.0187471314821243
0.5720968599014282,-0.028784181150436405
0.5586892074508667,-0.039111575858306796
0.5501466423568726,-0.04742751853046409
0.5286226874427795,-0.062375870350646886
-0.5155022446479798,-0.47279481542510976
-0.5094771331367492,-0.47785134453353884
-0.50492735231781,-0.48180515239257815
-0.500629249168396,-0.48817916565551744
-0.49528846838760376,-0.4990958549407958
-0.49273814906311036,-0.5048672618751525
-0.48781808743667604,-0.5163876601699829
-0.48543770895004273,-0.5220250636621092
-0.3458952059936523,-0.6473855230957031
-0.3431402530555725,-0.6576685703186035
-0.34051034447479245,-0.6674853504196165
-0.33798731411361693,-0.6768678874214172
-0.3347789770088196,-0.6887339206619262
-0.33248408757400516,-0.6971671266021728
-0.33027873789596557,-0.7052179041404725
-0.3274741706504822,-0.7153751936073303
-0.2349452780189514,-0.7235208345413208
-0.2335698498344421,-0.7304007051734924
-0.2322483573646545,-0.7369545911941529
-0.23056787026786799,-0.7452015817146301
-0.22935945135498054,-0.7510601476745605
-0.22819206699562072,-0.7566592512817382
-0.1311193931066513,-0.7637341221313475
-0.1303460229291916,-0.7703784987869262
-0.10944472851257318,-0.7750887267265318
-0.10900781698131562,-0.7795788301734925
-0.10858396981487269,-0.7838746760368347
-0.0946979833649635,-0.7893182835578918
-0.0943627090065002,-0.7931941834411621
-0.09393037284088131,-0.7980916402130126
-0.0830064547896385,-0.8015703096733093
-0.0827473048392296,-0.8048874167366027
-0.08249511175432209,-0.8080484084377288
-0.0732005900764465,-0.8120272757225035
-0.0729350479844093,-0.8157455812129975
-0.07274249233837131,-0.81836617786026
-0.0725549862092018,-0.8208516526565551
-0.0650658892811966,-0.8232028465557097
-0.0648664586303139,-0.8261412881507872
-0.058463888219595,-0.8282005762081146
-0.0583453819399643,-0.8301375470771789
-0.0582301935204411,-0.8319596908740996
-0.0581182276747036,-0.8336665142383575
1.4872959973913573,-0.397322130689323
1.4875569954562378,-0.3988463432911635
1.4881504179504397,-0.4017823035308719
1.4984667742858888,-0.40525819167840493
1.4988372622457886,-0.4065895218497515
1.4996297165786743,-0.4091567025372983
1.509548072236328,-0.4109960935856104
1.5215843624404908,-0.4181616092824936
1.5303483344970703,-0.42011594887208936
1.5377239116836547,-0.4215111759147645
1.503796399251709,-0.42284306936764715
1.5047311476626586,-0.4241173014051915
1.5063287775836183,-0.4270591406588555
1.5069877043963622,-0.4296600657758713
1.5079337937362671,-0.4340933202390671
1.5092716763360596,-0.44229722934865956
1.5099139956619265,-0.4476594290423394
1.510423791885681,-0.4533169956580401
1.4658486552886962,-0.45927735351979737
1.4661298162841796,-0.467680032586515
1.4661430823776243,-0.4743029913896773
1.4659680825378418,-0.48121176378268
1.4142596284225464,-0.48840850145637976
1.413424672845459,-0.49833852454411975
1.364136008114624,-0.5058602361583708
1.362954650065613,-0.5133350011286735
1.3609905744766235,-0.5235692053189277
1.180641515838623,-0.5396900952601432
1.113758123336792,-0.5509687953248024
1.1112002767906188,-0.5594587639679908
1.1072258747138977,-0.5709400015320777
1.1038162172851562,-0.5797837619180679
1.0986486945495606,-0.5919280272970199
1.095779118724823,-0.5981560475225448
1.089428018863678,-0.6109240107364654
1.084084142578125,-0.6207803397521972
1.0761216960334778,-0.6342922897644042
1.0694767288208007,-0.6447082169876098
1.059647615852356,-0.6588817375593186
1.0515816930732726,-0.6689966607294082
1.1302391812210084,-0.5697455158166885
1.1239201122970581,-0.576273300013542
1.1150773609962463,-0.5847833407487869
1.1104714158668518,-0.5889582018232344
1.0987743799743652,-0.5992204313488005
1.0940508932800292,-0.6033127986650466
1.0845063591613768,-0.6115238792686463
1.1122195154953003,-0.5845614538402557
1.1036074041557313,-0.5919635236845016
1.0969916735725402,-0.5975371886262892
1.147404471031189,-0.5558908885207176
1.1402166620368956,-0.563436647236824
1.134598049419403,-0.5697506542077064
1.1286918697433472,-0.5763737409744262
1.1202602787132263,-0.5856535305843353
1.1157797881011962,-0.5905949469013214
1.1602628315315247,-0.5622216810140609
1.1519612085189819,-0.5713822434968948
1.1452518660774231,-0.5783402198710441
1.1880583519134522,-0.5541089754834175
1.1818801728782653,-0.5606221073770523
1.1752802101020814,-0.5673382242798805
1.2272118547744753,-0.5407574565172195
1.2213047551116945,-0.5470226394171714
1.2170788128738403,-0.5512678585948944
1.277096550769806,-0.5234499037017822
1.2696831135215758,-0.5314381608195304
1.2635861943588256,-0.5375911726703643
1.3186382744369507,-0.5141757442688941
1.3114397446975707,-0.5218429549775123
1.3054606138343812,-0.5277310804271698
1.3710607212028503,-0.5031807002105712
1.3659688421592713,-0.5088327655811309
1.3602059322166444,-0.5146658980326653
1.4215717871818543,-0.4943723816037178
1.4846748481483458,-0.4739596967992782
1.4808826500701904,-0.4792157762310504
1.4765253512229919,-0.4847165631475448
1.4715212867546081,-0.490341118628025
1.463709574077606,-0.4980470676050186
1.6850382299537658,-0.4281092194038629
1.6839258208999635,-0.4342481790273189
1.6825206391983032,-0.4389637442471981
1.6805585355415344,-0.4437649738383293
1.6769661242103577,-0.45033476827001573
1.6734857844810485,-0.4554021298365592
1.8546404004859924,-0.4138390386337041
1.9511889546775818,-0.39726559626305097
2.057825076198578,-0.3818961145965456
2.060976840419769,-0.3872121557900905
2.0625814558410642,-0.39133840563309186
2.0634038440513613,-0.3955772050911188
2.0631317997932435,-0.4014103667333126
2.062332839717865,-0.40440736524701115
2.0591559570693967,-0.4105825698904991
2.053716630744934,-0.41717106811404225
2.0480789415740968,-0.4226332350621223
2.0408545413017274,-0.4284465685648918
-0.10557599227905268,-0.7861833155975342
2.157034233398438,-0.4130730934121608
-0.07085947490692135,-0.7666902430438995
-0.05150227909088123,-0.7652833454799652
-0.03613547904968262,-0.7475189521217347
-0.026473158493041993,-0.7467253075504302
-0.006970033912658602,-0.7450269316425323
0.007790768470764098,-0.7436832953681944
0.02667739788055412,-0.7261654805583952
0.04115032188415535,-0.7251277170276641
0.06652000114631645,-1.3079434737815856
0.07055294327354433,-1.3079036715202332
0.07574465801715852,-1.306840482192993
0.07950252915859221,-1.3053437982559204
0.08314929622268677,-1.3033082113494872
0.0866855157203674,-1.3007914515151977
0.09123194993209838,-1.2967827550354003
0.0945146849431992,-1.2933574880294798
0.09768518915939334,-1.2896339454803467
0.10173912463092802,-1.2842769627304076
0.1046472249383926,-1.2800318733139038
0.10834836786556243,-1.2741510319328309
0.11099380830287933,-1.2696202337303162
0.07687008696556091,-1.2648939719696044
0.07859749991512302,-1.2599619010963439
0.06833353681373601,-1.253071204116821
0.06975829824781421,-1.2476826073684693
0.05093212759351731,-1.2421065789031982
0.0519237833857536,-1.2363446153259279
0.05290807055377961,-1.230405498287201
0.054208426585197395,-1.22222779671669
0.05517447148752211,-1.2159162110671997
0.056447779628753705,-1.2072791636409759
0.05739437947750091,-1.2006494980163573
0.05833078044319151,-1.1938988855075836
0.059565193610668185,-1.1847291797885895
0.060784302625179296,-1.1753825744152069
0.0616863129739761,-1.1682693216438294
0.0625789738059044,-1.1610752022647857
0.063167195168972,-1.1562403915023802
-0.03932887813196179,-0.9624352757968901
-0.038830090649128,-0.9671996492881774
-0.0590383034881592,-0.9716124861583708
-0.0590502262412548,-0.9761363891925812
-0.0590620704086781,-0.9806618050537108
-0.05907412598023409,-0.9851816705913543
-0.0590907952186584,-0.9912188041706085
-0.0591042120170593,-0.9957638842105865
-0.0591235324721336,-1.0018477321414947
-0.0591444474534035,-1.0079570132255555
1.6715043472595217,-0.5862920940074919
1.6710729263580322,-0.5934357855623364
1.6697534477447509,-0.6077609058290719
1.6687287223861695,-0.6185380888235569
1.6670815049453735,-0.6329509036469458
1.665381243273926,-0.6437898517076969
1.6631638201263428,-0.6582832648601531
1.6612844890441896,-0.6691839400129318
1.6589913520889281,-0.6801071911430357
1.6567438908599854,-0.6910547782096862
1.654307159185791,-0.7020235645184516
1.6507624756668093,-0.7166769319415093
1.6486875154769896,-0.7240191916303633
1.6435807384872436,-0.7424081567487716
1.6402528303955077,-0.7534693396759033
1.635359142025757,-0.7682466502513885
1.6315860171905519,-0.7793512394723893
1.6274772230209353,-0.7904710467414855
1.6233197245056152,-0.8016104296865463
1.618961449871826,-0.8127638534879684
1.614402199119568,-0.8239338860120773
1.6078906236709596,-0.838850630990982
1.6028704973861694,-0.8500564187231062
1.5958709123718262,-0.8650180954990386
1.588406469529724,-0.8800070839939116
1.582657260949707,-0.8912602036294938
1.5766984084381104,-0.9025312381219863
1.5704443151626586,-0.9138121907157897
1.5640848957168578,-0.9251045414924621
1.5552776120559693,-0.9401797066211699
1.5484320548934936,-0.951499525636673
1.5389697631149293,-0.9666100887622833
1.5316324998641968,-0.977954097761154
1.5240767480316162,-0.9893089568443298
1.5163142861740113,-1.0006753083839417
1.5056285625228882,-1.0158462502708434
1.5708231140533446,-1.0532584786682126
1.5139878110690308,-1.0552515301189422
1.3688018174667358,-1.062613780670166
1.3239733667221067,-1.0652124483528138
1.267829014526367,-1.0685549317531584
1.2276538643951416,-1.0709635205955506
1.188740408706665,-1.0733003897323607
1.1015744575424193,-1.0784414296207427
1.0654009036560061,-1.08051905966568
0.9830524555206301,-1.0850524841308593
0.9484689220428468,-1.0868630471076965
0.8802950564193726,-1.0902400865268707
0.8354513885726929,-1.0923175503387452
0.7578956229782104,-1.0955962033672333
0.7249389951171875,-1.0968695690574646
0.6485652694549561,-1.0995119701766967
0.6160172352676392,-1.1005047453346253
0.5835402346267701,-1.1014160754966733
0.5511289445800779,-1.1022433513374328
0.5187750450668335,-1.1029853807640073
0.46491839262390133,-1.104036069267273
0.44338411580657955,-1.104390815109253
0.40032763035583496,-1.1049882586593627
0.36803276531219487,-1.1053333679199218
0.34646727651214604,-1.10552095879364
0.2925364831161499,-1.105814615474701
0.24926968233489988,-1.105884236190796
0.2167482218856811,-1.105832094215393
0.18414359123992918,-1.1056976131744385
0.14052002156829835,-1.1053811617698668
0.10769225756835943,-1.1050406974830627
0.07472174618911742,-1.1046194768981934
0.041606169036865204,-1.1041138709220886
0.008354850391388058,-1.103516449043274
-0.036260082763671986,-1.1025884981803893
-0.08121957606506347,-1.1015088694877624
-0.10384885891723628,-1.1009157926559447
-0.149413278175354,-1.0996087366256713
-0.19541668144226065,-1.0981477643470763
-0.23028351072311404,-1.096954935962677
-0.26544074357986447,-1.095673006931305
-0.3129047377967835,-1.0938360289268494
-0.34898524738311765,-1.0923602756958006
-0.5111616117286681,-1.0849942067260743
-0.5635584168434142,-1.0824133432693481
-0.5903243265342712,-1.0810646391716003
-0.6592838177108764,-1.0775433831558228
-0.6878331779575348,-1.0760752797851563
-0.7469692349910737,-1.0730210317001343
-0.7935631772613525,-1.070633748233795
-0.8427277980613708,-1.0681630596084593
-0.9140065894889831,-1.064747336051941
-0.9743094059324264,-1.0620887373657226
-1.0756861340880395,-1.0584331028442382
-1.1954678962628544,-1.054288987400055
-1.20052881198138,-1.0493168085861206
-1.2129622048568725,-1.0360601927719117
-1.220023371642977,-1.028567848423004
-1.2267838431967795,-1.0214429676322938
-1.235396831725985,-1.0120090272369384
-1.239562978607267,-1.0072779676322936
-1.2501380027472973,-0.9977229676322936
-1.256234256221056,-0.9904310272369383
-1.2639410854804516,-0.9806360868415833
-1.271442187486887,-0.9707820868415833
-1.1180896899843216,-0.9047797627868652
-1.1304252936124801,-0.8913132941551208
-1.1358461008405685,-0.8814604651260375
-1.1428300484180451,-0.8683942178573608
-1.148359492816925,-0.8586368084716796
-1.1532424835395814,-0.8489100491523742
-1.1580023327589035,-0.8392238339691163
-1.3136003525424003,-0.912303146446228
-1.3171310236334801,-0.905675146446228
-1.3205625752139092,-0.8990591464462281
-1.3249141266918183,-0.8902230272369384
-1.3276657321691514,-0.8858159676322936
-1.3440813002419472,-0.8462339676322937
-1.346357277941704,-0.8396679676322937
-1.3501125165581702,-0.8309118676322937
-1.3529774439430238,-0.8243776676322937
-1.3558561892437935,-0.8178377080276489
-1.3594891202831267,-0.8091353484230042
-1.3621142287254333,-0.8048083080276489
-1.3642500108122826,-0.7961655676322937
-1.366169446325302,-0.7875746080276489
-1.3674785493063926,-0.7811557080276489
-1.3687189649105072,-0.7747548676322937
-1.369471222231388,-0.7705109676322937
-1.3711104556298257,-0.7599361676322937
-1.371933259382248,-0.7536187868415832
-1.3728580922317506,-0.7452659676322937
-1.3734326718640328,-0.7390317176322937
-1.3738897785639763,-0.7328122888569384
2.9109497070356483e-05,-1.7533510088003218e-06
2.4730453491272897e-05,5.6740407943997595e-06
1.018543243413994e-05,2.8835198640983495e-06
8.051757812488347e-06,-9.357567547982337e-07
7.107162475650242e-06,4.025259780895962e-06
-6.701469421388495e-06,-6.596051311404116e-06
2.2500190734797698e-05,-7.732243251803994e-06
1.7660751342685188e-05,4.237913417901029e-06
2.182708740239292e-05,-3.343062543799402e-06
3.3406448365358443e-06,-7.249643611900725e-06
5.445747375709686e-06,-3.2933864589634876e-07
-7.3141098022588835e-06,-8.670125675194762e-06
-6.639480591985603e-07,-8.787614727001625e-06
2.5518417358316725e-05,-2.7968276977013984e-06
1.6060218811064786e-05,-1.867078781095377e-06
2.956008910981467e-07,-4.089798927020549e-07
3.2200622561706638e-06,1.3971939087087382e-06
2.2882118225098225e-05,-5.157074928194283e-06
-2.082633972166903e-06,-5.568223953200668e-06
9.417419433610519e-06,-3.841327667203354e-06
7.439231872519159e-06,-8.287069320600526e-06
-6.0677337645476115e-06,-3.922076225210125e-06
3.807144165035581e-06,-1.1910247799118423e-07
1.0294342041028415e-05,3.617355346707818e-06
5.279922485446065e-06,1.2049484252873999e-06
6.835784912118115e-06,2.8329048157027525e-06
1.6787605285673024e-05,-2.883603095998888e-06
-4.758415222072543e-06,3.02611064920133e-06
1.2874145507879575e-05,3.085322380080857e-06
-6.7545700070947845e-06,-6.217311859096908e-06
1.8330841064395642e-05,-5.997810362812217e-07
-1.1260108947697134e-05,-7.892785072294295e-06
1.0405960082948695e-05,2.5213680267810457e-06
1.695957183844854e-05,-5.873527526012445e-07
-1.2687683104140035e-06,1.6233396530895838e-06
-1.2988281250514433e-06,-2.593235015807549e-06
-6.774749756077725e-06,-3.212731361307286e-06
2.4452171325739513e-05,-1.389770507814747e-06
1.9150695800718154e-05,-2.762737274092375e-06
8.016586303671858e-07,-5.5027761459158775e-06
2.133747100829808e-05,-4.5408382415013104e-06
1.8746681213377414e-05,4.343786239868752e-07
2.4800872802765994e-05,4.940580368095748e-06
2.4499206543016072e-05,4.344686508200857e-06
2.364730835591189e-07,-8.537425993937475e-07
1.611412048330152e-05,-6.138623237617047e-06
1.8727760314751762e-05,2.678439140396671e-06
7.140541076866569e-06,-6.478881834914851e-07
9.209442138891077e-06,5.47398757938522e-06
-1.0283355712958908e-05,-2.754707336127815e-07
6.965942382919366e-06,4.2652721405911365e-06
-5.596160888909907e-06,5.445842742868301e-07
1.494274139401952e-05,1.937648773209233e-06
1.4040565490702761e-05,3.8285446174457505e-07
-9.537124633807181e-06,1.7233104706027014e-06
2.6435470581454013e-06,1.6175193787160147e-06
2.3155288696230514e-05,1.3154869080156395e-06
-1.0093688973533688e-07,3.5533142089816394e-06
1.575405120846085e-05,6.111574172962264e-06
1.625110626224391e-05,5.241964340318983e-06
3.575897216778756e-06,-6.470546721759618e-07
-1.5045166015248412e-06,2.3360614777034883e-06
1.9111366271973296e-05,3.680107116710296e-06
-1.1694259643535432e-05,1.867088317952792e-06
-2.714157104399817e-06,-2.814044952281769e-06
1.0328178405849542e-05,4.437881469754323e-06
-6.946487426828796e-06,-2.1654434204099182e-06
-4.611854553138173e-06,-3.98556709280129e-06
1.049018859866635e-05,3.449193954507823e-06
-2.0338058470681375e-06,4.048873901429939e-06
8.791809082087099e-06,-5.617685317871324e-06
1.5650177001891308e-05,-3.4668350218924893e-06
1.1847839355594303e-05,-1.1606979372080772e-07
1.1740913391067309e-05,6.899700164542111e-07
1.3932228088320286e-05,6.712980270384694e-06
-5.9196853636755975e-06,3.91150283818309e-06
-5.87722778311317e-06,-5.260278701735288e-06
1.5238113403093223e-05,3.5121822357653265e-06
4.3978881836270745e-06,6.774845123791451e-07
1.2597885131748754e-05,-5.075557708678069e-06
-5.966796875034319e-06,-6.597747802705722e-06
2.3078918465202491e-07,-4.6479091643791826e-06
7.394104003966007e-06,-4.4257011412862646e-06
1.1725158691300308e-05,-2.431447982675916e-06
-2.281211853039089e-05,-3.1439800262100803e-06
1.6296272277838142e-05,6.918951034606824e-06
1.800689697284419e-05,6.1575031281013715e-06
-1.168502807624705e-05,9.524440766073283e-07
7.703018187754651e-07,2.0922660828315287e-06
-1.1728591918780396e-05,-3.8534774779996894e-06
1.4229087829553677e-05,2.420269012481935e-06
-1.4174232482844218e-05,1.0144805908662846e-06
6.245040893304576e-07,-3.5966796875230855e-06
4.9433898925421715e-06,5.149787902891667e-06
-2.8125000000045475e-06,4.2875003815057156e-06
1.683761596682487e-05,1.6321182261247458e-07
-1.2170410155221134e-06,-1.7020187376703966e-06
3.3825302123702272e-06,5.4661312103854165e-06
-1.9434738159240794e-05,1.1719284058187007e-06
9.895553588767925e-06,7.84735870373865e-06
1.0796623229891722e-05,-2.6300373076604266e-06
-1.4276351928632636e-05,-3.0336456298130088e-06
1.415157318107596e-05,6.255329132065501e-06
-5.43777465811246e-06,4.6950855256411295e-06
-3.414459228245903e-06,3.493373870899763e-06
-1.352886199956771e-05,-1.06766509999634e-06
2.0366020202722268e-05,8.567499160838654e-06
-4.485206603899172e-06,3.14950942997827e-06
-1.1486053486109427e-07,-1.1657142628962447e-07
-8.525466919095948e-07,1.496253967281369e-06
6.232376098536108e-06,-7.308616638002086e-07
-4.47513580326131e-06,-2.873058318975108e-06
4.871673584094793e-06,4.24768257151209e-06
9.770011902165976e-06,9.128608703945496e-07
-2.526397705260308e-06,1.8045234689845202e-07
8.12416076656497e-06,2.6633415222687695e-06
-1.0203704833955385e-05,-3.78665924172239e-08
-1.5917205813398283e-06,-2.1915149688300772e-06
1.736408233643516e-05,6.8388252258966276e-06
7.133216857857505e-06,-1.2686061859334963e-06
-1.7892837524957628e-06,2.3587799075075466e-07
3.2448959352837647e-06,4.98768043516451e-06
8.558120727641949e-06,2.574724197401679e-06
2.2096748351962958e-05,2.892841339197094e-06
1.684566497806017e-05,6.789398193429719e-06
1.7825202941912366e-05,5.333328247147939e-06
-7.486381530696917e-06,3.550689697318088e-06
2.05143737792568e-05,7.289175033620143e-06
1.551074981698264e-05,5.8170051574490955e-06
2.230274200432092e-05,8.487377166743748e-06
6.429939269914087e-06,1.173721313474374e-06
1.0357742309619056e-05,4.576526641875134e-06
-1.2521209716842563e-05,1.2788810730413047e-06
1.6315498352126312e-05,3.73751449589399e-06
-1.3655662536526947e-05,-4.132492065433979e-06
2.3623771667757865e-05,7.2164344787628565e-06
6.229896545306701e-06,-1.1486892700363072e-06
